id,name,description,underlying_security,ticker_symbol,last_price,dividend_rate_percent,expense_ratio_percent,one_day_change_percent,year_to_date_change_percent,created_at,updated_at,risk_level,fund_url,inception,last_refresh,long_description,cusip,start_of_year_price,start_of_year_price_year,learn_post_id,inception_price,tags,investment_type,color_code
50,General Electric,The storied digital industrial conglomerate conducts business in approximately 180 countries.,General Electric Company,GE,12.95,4.57,0.0,-1.3,-25.79,2018-02-22 21:27:34.651112,2018-07-23 14:30:41.280910,1,https://www.ge.com/investor-relations/overview,01/13/1978,2018-07-23 14:15:39.000000,"Co-founded in 1892 by inventor Thomas Edison, General Electric's business ranges from aircraft engines, power generation, and oil and gas equipment to medical imaging, financing, and industrial products. This is a direct investment in General Electric stock.",369604103,17.45,2018,,,['General Electric'],STOCK,1e60ae
83,Match the Market,This low-cost foundation fund tracks the S&P 500—a grouping of America's largest companies.,iShares Core S&P 500 ETF,IVV,281.46,1.8,0.04,-0.06,5.16,2018-04-25 22:06:57.419931,2018-07-23 14:30:41.288188,1,https://www.ishares.com/us/products/239726/IVV,05/15/2000,2018-07-23 14:15:39.000000,"This bundle of America's powerhouse companies is a low-cost way to get broad diversification and build the foundation of your portfolio. Specifically, this fund tracks the S&P 500—a popular index of America's 500 largest public companies—that is often used as an indicator for the health of the entire economy. ",464287200,267.64,2018,,,['Match the Market'],ETF,
53,Netflix,This massive production studio streams original and licensed video content in over 190 countries.,"Netflix, Inc.",NFLX,359.09,0.0,0.0,-0.54,87.07,2018-02-22 21:30:31.535239,2018-07-23 14:30:41.295075,1,https://ir.netflix.com/,05/23/2002,2018-07-23 14:15:40.000000,"What began as a mail-order DVD company is now a streaming and production powerhouse. These days, Netflix distributes original and licensed content to over a hundred million subscribers worldwide. This is a direct investment in Netflix stock.",64110L106,191.96,2018,,1.21,['Netflix'],STOCK,e50914
91,JPMorgan,"One of the oldest financial institutions in the U.S., this firm has over $2.5 trillion in assets.",JPMorgan Chase & Co,JPM,112.6,2.01,0.0,1.19,6.38,2018-05-08 19:06:33.417920,2018-07-23 14:30:41.301773,1,https://www.jpmorganchase.com/corporate/investor-relations/investor-relations.htm,12/30/1983,2018-07-23 14:15:39.000000,"200 years of company history and a presence in over 100 markets—yeah, you've probably heard of these guys. JPMorgan Chase is a leading global financial services institution, and its stock is part of the Dow Jones Industrial Average. This is a direct investment in JPMorgan Chase stock.",46625H100,105.85,2018,,4.44,[''],STOCK,6d6e71
68,Union Pacific,This stalwart powers global supply chains with a rail network that links 23 US states.,Union Pacific Corporation,UNP,143.83,1.93,0.0,1.71,7.83,2018-03-19 17:55:44.655828,2018-07-23 14:30:41.491256,1,https://www.up.com/investor/index.htm,01/13/1978,2018-07-23 14:15:35.000000,"Union Pacific traces its origins back to the 1860s and the construction of the world's first transcontinental railway. Today, the rails link global industrial, chemical, automotive, and agricultural supply chains. This is a direct investment in Union Pacific stock.",907818108,133.39,2018,,,['Union Pacific'],STOCK,004990
109,Amgen,This multinational company is the world's largest independent biotechnology company.,Amgen Inc.,AMGN,189.95,2.59,0.0,-0.28,10.91,2018-05-30 17:28:52.091053,2018-07-23 14:30:41.497548,1,http://investors.amgen.com/phoenix.zhtml?c=61656&p=irol-IRHome,06/17/1983,2018-07-23 14:15:36.000000,Amgen is focused on unlocking the potential of biology—by using tools like advanced human genetics—to create therapies for patients who suffer from serious illnesses. The company's treatments have reached millions of people around the world. This is a direct investment in Amgen stock.,031162100,171.27,2018,,,['Amgen'],STOCK,007dc3
87,DowDuPont,"With net sales of $80 billion, this holding company is a global leader in the chemical industry.","DowDuPont, Inc",DWDP,65.78,2.31,0.0,-0.06,-7.16,2018-05-08 19:04:44.652817,2018-07-23 14:30:41.504016,1,http://www.dow-dupont.com/investors/default.aspx,09/01/2017,2018-07-23 14:15:37.000000,"In 2017, science-driven companies Dow and DuPont merged to become a major power player in the global chemical market. Today, DowDuPont is leading innovation in agriculture, materials science, and specialty products. This is a direct investment in DowDuPont stock.  ",26078J100,70.85,2018,,67.18,[''],STOCK,e80033
97,Raytheon,The world's largest missile producer is also one of the world's largest defense contractors.,Raytheon Company,RTN,200.66,1.65,0.0,-0.39,7.7,2018-05-14 20:00:52.537929,2018-07-23 14:30:41.510436,1,http://investor.raytheon.com/phoenix.zhtml?c=84193&p=irol-irhome,12/26/1997,2018-07-23 14:15:38.000000,"Originally an electronics business, Raytheon is credited with pioneering both the microwave and early guided missile systems. Today, the defense company specializes in missile production and defense, radar, satellites, cybersecurity, and more. This is a direct investment in Raytheon stock.",755111507,186.31,2018,,32.44,['Raytheon'],STOCK,ce1127
54,Walmart,The colossal multinational retail corporation is the world's largest company by revenue.,"Wal-Mart Stores, Inc.",WMT,87.81,2.34,0.0,-0.28,-11.08,2018-02-22 21:31:33.151150,2018-07-23 14:30:41.308163,1,http://stock.walmart.com/investors/default.aspx,10/1/1970,2018-07-23 14:15:27.000000,"Walmart started as a family business before becoming an American brick-and-mortar staple. The massive retailer now has 59 brands, over 11,000 stores in 28 countries, and e-commerce websites in 11 countries. This is a direct investment in Walmart stock.",931142103,98.75,2018,,,['Walmart'],STOCK,007dc6
38,Up & Coming,Ready to explore untapped markets? These emerging economies have room to grow.,Vanguard FTSE Emerging Markets ETF,VWO,42.78,2.56,0.14,-0.32,-6.82,2017-05-26 18:38:31.460702,2018-07-23 14:30:41.314675,2,https://personal.vanguard.com/us/funds/snapshot?FundIntExt=INT&FundId=0964,03/04/2005,2018-07-23 14:15:39.000000,"What do China, Taiwan, India, and Brazil have in common? Rapid economic development. This international investment includes emerging economies that span from Latin America, to Africa, Europe, Asia, and the Middle East.",922042858,45.91,2018,,,"['China', 'Tencent', 'India', 'Naspers', 'CCB', 'Taiwan', 'China', 'India']",ETF,
24,American Innovators,"Invest in tech companies that are changing the world,  like Apple, Google, and Facebook. ",Vanguard Information Technology ETF,VGT,189.7,0.91,0.1,-0.26,15.16,2015-09-03 15:47:43.205118,2018-07-23 14:30:41.516886,2,https://personal.vanguard.com/us/funds/snapshot?FundId=0958&FundIntExt=INT,1/30/2004,2018-07-23 14:15:31.000000,"What do lightbulbs, lunar landers, and iPads all have in common? They're all products of American tech. Invest if you think we're just getting started. This covers electronics, software, hardware, and IT companies. ",92204A702,164.73,2018,,43.74,"['vanguard', 'Apple', 'Microsoft', 'Facebook', 'Alphabet', 'Visa', 'IBM', 'Oracle', 'Intel', 'Google', 'lightbulbs', 'iPad', 'American', 'computer', 'electronics', 'hardware', 'technology', 'IT']",ETF,
28,Home Sweet Home,"There is no place like home, invest in the American Dream. These firms build homes in the U.S.A.",SPDR S&P Homebuilders (ETF),XHB,40.77,0.86,0.35,-0.56,-7.89,2015-09-03 15:47:43.320883,2018-07-23 14:30:41.523570,2,https://www.spdrs.com/product/fund.seam?ticker=XHB,2/6/2006,2018-07-23 14:15:21.000000,"Even if you're not dreaming of a white-picket fence and 2.5 kids in the suburbs, you can still get a piece of the action. These home construction companies make the American Dream a reality for many.",78464A888,44.26,2018,,39.08,"['home', 'home depot', 'construction', 'Fortune Brands', 'Owens Corning', 'Msco Corporation', 'Lowes', 'Mohawk', 'Whirlpool', 'D.R. Horton', 'Pulte', 'Lennar', 'house']",ETF,
4,Roll with Buffett,Warren Buffett is one of the most successful investors of all time. Own a bit of his company.,Berkshire Hathaway Inc. Class B,BRK.B,198.0,0.0,,0.62,-0.11,2015-09-03 15:47:42.659636,2018-07-23 14:30:41.530082,2,http://www.berkshirehathaway.com/,6/29/1998,2018-07-23 14:15:39.000000,"Invest with Warren Buffett, one of the world's wealthiest people.  This fund buys shares of his holding company Berkshire Hathaway that includes a broad mix of businesses.",084670702,198.22,2018,,52.26,"['Warren Buffett', 'Berkshire Hathaway', 'billionaire', 'stocks']",ETF,
66,GM,America's largest automotive manufacturer sells cars on five continents and in 125 countries.,General Motors Company,GM,39.16,3.86,0.0,-0.61,-3.5,2018-03-19 17:54:47.378358,2018-07-23 14:30:41.539932,1,https://www.gm.com/investors/index.html,11/17/2010,2018-07-23 14:15:38.000000,"Since the Great Recession, GM has reestablished itself as America's top car manufacturer and an international powerhouse. The automaker's brands include GMC, Chevrolet, Buick, Cadillac, Holden, Wuling, Baojun, and Jiefang. This is a direct investment in GM stock.",37045V100,40.58,2018,,34.19,['GM'],STOCK,314577
79,3M,"Famous for Post-it notes and Scotch tape, this conglomerate produces over 55,000 products.",The 3M Company,MMM,198.68,2.51,0.0,-1.62,-15.09,2018-04-25 22:03:13.281846,2018-07-23 14:30:41.546505,1,http://www.investors.3m.com/,01/13/1978,2018-07-23 14:15:37.000000,"3M is a diversified global company that makes a hodgepodge of indispensable products you use often—sometimes without even knowing. Examples include sponges, LCD filters, reflective highway-sign sheeting, sandpaper, dental crowns, inhalers, and bandages. This is a direct investment in 3M stock.",88579Y101,233.99,2018,,,['3M'],STOCK,ff0000
48,Facebook,The social media mammoth strives to use its networks to bring the world closer together.,"Facebook, Inc.",FB,210.27,0.0,0.0,0.16,19.16,2018-02-22 17:29:19.466492,2018-07-23 14:30:41.585173,1,https://investor.fb.com/home/default.aspx,05/18/2012,2018-07-23 14:15:40.000000,"Facebook's Silicon Valley fairy tale started in a Harvard dorm room circa 2004. The company now earns its revenue by serving ads to billions of Facebook, Messenger, Instagram, WhatsApp, and Oculus users. This is a direct investment in Facebook stock.",30303M102,176.46,2018,,38.23,['Facebook'],STOCK,3b5998
102,Visa,This global payments technology company connects people through innovative payment solutions.,"Visa, Inc",V,140.82,0.55,0.0,-0.12,23.92,2018-05-21 21:16:36.061616,2018-07-23 14:30:41.591781,1,https://investor.visa.com,03/18/2008,2018-07-23 14:15:36.000000,"Accepted in more than 200 countries, Visa is a global payments technology company that connects consumers, businesses, banks, and governments via digital currency. The company aims to be ""the best way to pay and be paid for everyone, everywhere."" This is a direct investment in Visa stock. ",92826C839,113.64,2018,,13.13,['Visa'],STOCK,0057a0
47,The Walt Disney Company,"The famous ""house of mouse"" owns media networks, movie studios, theme parks, and more.",The Walt Disney Company,DIS,110.67,1.51,0.0,-0.73,2.94,2018-02-22 17:27:30.964166,2018-07-23 14:30:41.321420,1,https://thewaltdisneycompany.com/investor-relations/,01/13/1978,2018-07-23 14:15:39.000000,"The century-old Walt Disney Company is now an entertainment behemoth. Properties include ESPN, ABC, Hulu, Pixar, Vice, Lucasfilm, Marvel, the Muppets, and of course, the celebrated theme parks. This is a direct investment in Walt Disney Company stock.",254687106,107.51,2018,,,['The Walt Disney Company'],STOCK,ffd911
77,Procter & Gamble,"The consumer stalwart markets over 60 iconic cleaning, personal care, and hygienics products.",The Procter & Gamble Company,PG,78.8,3.58,0.0,0.15,-12.78,2018-04-25 21:47:05.865260,2018-07-23 14:30:41.328034,1,http://www.pginvestor.com/,06/11/1891,2018-07-23 14:15:35.000000,"Founded in 1837, Procter & Gamble (P&G) found early success supplying the Union Army. Now, their product lineup is a staple of everyday life that includes 22 billion-dollar brands such as Always, Bounty, Crest, Dawn, Old Spice, Pampers, and Tide. This is a direct investment in P&G stock.",742718109,90.35,2018,,,['Procter & Gamble'],STOCK,006fb9
57,Cisco,The globe's biggest networking company engineers the technologies that power the internet.,"Cisco Systems, Inc.",CSCO,41.6,2.95,0.0,-0.99,9.42,2018-03-02 21:37:53.856602,2018-07-23 14:30:41.334879,1,https://investor.cisco.com/investor-relations/overview/default.aspx,02/16/1990,2018-07-23 14:15:38.000000,"When it comes to information technology, Cisco reigns supreme. Consumers, businesses, public institutions, governments, and service providers all rely on Cisco to manage, move, and protect their data. This is a direct investment in Cisco stock.",17275R102,38.02,2018,,,['Cisco'],STOCK,049fd9
96,General Dynamics,This global aerospace and defense company is a leader in both the commercial and military spheres.,General Dynamics Corporation,GD,194.15,1.81,0.0,-0.58,-3.77,2018-05-14 19:59:59.083264,2018-07-23 14:30:41.341575,1,http://investorrelations.gd.com/,01/13/1978,2018-07-23 14:15:21.000000,"Best known for Gulfstream jets, F-16 fighters, Abrams tanks, and Atlas rockets, General Dynamics runs four business divisions: Aerospace, Combat Systems, Information Systems and Technology, and Marine Systems. This is a direct investment in General Dynamics stock.",369550108,201.76,2018,,,['General Dynamics'],STOCK,00539b
37,Essential Europe,Hop across the pond and invest in the mighty masters of Western Europe.,Vanguard FTSE Europe ETF,VGK,57.23,3.37,0.1,-0.13,-3.25,2017-05-26 18:38:27.308297,2018-07-23 14:30:41.348544,2,https://personal.vanguard.com/us/funds/snapshot?FundId=0963&FundIntExt=INT,03/04/2005,2018-07-23 14:15:21.000000,"The European economy is as diverse as the landscapes, languages, and people who live there. This investment covers it all - from chocolate to healthcare, and banking to beer. If it’s a masterpiece of European innovation, you’ll find it here.",922042874,59.15,2018,,,"['Nestle', 'Europe', 'Roche Holding', 'Novartis', 'Food', 'drink', 'Switzerland']",ETF,
100,Bank Of America,"With $2.3 trillion in total assets, this financial institution is the 2nd largest bank in the U.S.",Bank of America Corporation,BAC,30.49,1.59,0.0,1.18,3.67,2018-05-21 21:10:39.688105,2018-07-23 14:30:41.356677,1,http://investor.bankofamerica.com/phoenix.zhtml?c=71595&p=irol-irhome#fbid=6VSOZTUZVgT,01/13/1978,2018-07-23 14:15:39.000000,"Bank of America is the go-to banking destination for 47 million individuals, families, and businesses in 35 countries around the world. With $2.3 trillion in total assets, this financial institution is the 2nd largest bank in the U.S. This is a direct investment in Bank of America stock. ",060505104,29.41,2018,,,['Bank Of America'],STOCK,e32237
64,Johnson & Johnson,The historic health-care company operates more than 260 companies in over 60 countries.,Johnson & Johnson,JNJ,126.12,2.72,0.0,0.22,-9.16,2018-03-02 22:35:40.586744,2018-07-23 14:30:41.363447,1,http://www.investor.jnj.com/,01/13/1978,2018-07-23 14:15:36.000000,"Founded in 1887, Johnson & Johnson's business spans consumer care, pharmaceuticals, and medical devices. Its brands include Listerine, Neutrogena, Tylenol, Sudafed, Benadryl, Stayfree, Band-Aid, and Neosporin. This is a direct investment in Johnson & Johnson stock.",478160104,138.83,2018,,,['Johnson & Johnson'],STOCK,d51900
105,Square,This technology company builds ecommerce tools that help make running a business more accessible.,Square,SQ,71.02,0.0,0.0,0.87,104.85,2018-05-21 21:19:44.422717,2018-07-23 14:30:41.369918,1,https://squareup.com/about/investors,11/19/2015,2018-07-23 14:15:38.000000,"Founded on the belief that everyone should be able to thrive in the economy, Square builds cheap and easy-to-use tools that help sellers start, run, and grow their businesses. Its simple credit card processing software is a small business favorite. This is a direct investment in Square stock.",852234103,34.67,2018,,12.85,['Square'],STOCK,1c2126
104,Mastercard,This global leader in digital payment solutions drives growth through technology and innovation.,"Mastercard, Inc",MA,207.03,0.47,0.0,0.16,37.19,2018-05-21 21:19:12.684342,2018-07-23 14:30:41.376335,1,http://investor.mastercard.com/investor-relations/financials-and-sec-filings/sec-filings/sec-filings-details/default.aspx?FilingId=12550606,05/25/2006,2018-07-23 14:15:34.000000,"Goodbye cash and checks, hello digital currency. Mastercard is a leading technology company in the global payments industry—its electronic payment products and services are used by millions of customers around the world. This is a direct investment in Mastercard stock.",57636Q104,150.91,2018,,4.25,['Mastercard'],STOCK,7f7a7a
81,Target,America's second largest discount retailer offers everyday necessities at discounted prices.,Target Corporation,TGT,78.02,3.19,0.0,0.33,20.55,2018-04-25 22:04:44.658098,2018-07-23 14:30:41.382880,1,http://investors.target.com/phoenix.zhtml?c=65828&p=irol-IRHome,12/05/1985,2018-07-23 14:15:21.000000,"Online and at over 1,800 stores, Target sells everyday essentials at discounted prices to millions of Americans per year. The business also owns private-label brands and hosts in-store pharmacies and clinics through its partner CVS. This is a direct investment in Target stock.",87612E106,64.72,2018,,,['Target'],STOCK,cc0001
17,Robots Rising,Robots are taking over the world - in a good way - by boosting output and improving efficiency.,Global Robotics and Automation Index ETF,ROBO,40.3,0.02,0.95,-0.63,-2.47,2015-09-03 15:47:43.019207,2018-07-23 14:30:41.389346,2,http://www.robostoxetfs.com/,10/22/2013,2018-07-23 14:15:13.000000,Let robots do the heavy lifting - and tedious tasks. These companies lead the way in robotics and automation technologies.,301505707,41.32,2018,,24.79,"['Kuka', 'irobot', 'Keyence Corp', 'Cyberdyne Inc', 'Nabtesco Corp', 'IRobot corp', 'Daifuku CO', 'ABB LTD', 'Intuitive Surgical Inc', 'Omron Corp', 'Faro Technologies', 'robots', 'automation']",ETF,
103,Citigroup,"This investment bank and financial services corporation rounds out the ""Big Four"" of U.S. banks.","Citigroup, Inc",C,69.67,1.85,0.0,0.65,-5.55,2018-05-21 21:17:40.860715,2018-07-23 14:30:41.396128,1,https://www.citigroup.com/citi/investor/pres.htm,11/07/1986,2018-07-23 14:15:37.000000,"Citigroup has 200 years of experience in safeguarding assets, lending money, making payments, and accessing capital markets on behalf of clients. This global leader in financial services rounds out the ""Big Four"" of U.S. banks. This is a direct investment in Citgroup stock.",172967424,73.76,2018,,,['Citigroup'],STOCK,203a80
18,Delicious Dividends,Price increases aren't the only way to make money. These companies tend to throw cash to investors.,Schwab US Dividend Equity ETF,SCHD,50.54,2.68,0.07,-0.12,-1.23,2015-09-03 15:47:43.046066,2018-07-23 14:29:41.370431,1,https://www.csimfunds.com/public/csim/home/products/exchange_traded_funds/summary.html?symbol=schd,10/20/2011,2018-07-23 14:14:16.000000,"When these companies generate profits, they share more with investors than most - in the form of dividends. This asset covers strong companies that consistently pay dividends. ",808524797,51.17,2018,,21.66,"['oil', 'Pfizer', 'Exxon', 'Coca-Cola', 'Microsoft', 'proctor&gamble', 'johnson&johnson', 'Verizon', 'dividends', 'coke', 'Pepsico']",ETF,
76,Take-Two Interactive,"Focused on creativity, this game developer and publisher is a hero of the gaming industry.","Take-Two Interactive Software, Inc.",TTWO,126.55,0.0,,-0.05,15.28,2018-04-23 16:59:01.640340,2018-07-23 14:30:41.402705,1,http://ir.take2games.com/phoenix.zhtml?c=86428&p=irol-irhome,04/25/97,2018-07-23 14:15:37.000000,"On its eternal quest for quality, Take-Two Interactive has brought numerous iconic franchises to life—including Grand Theft Auto, Max Payne, Midnight Club, Red Dead, Civilization, XCOM, Borderlands, WWE 2K, and NBA 2K. This is a direct investment in Take-Two Interactive stock.",874054109,109.78,2018,,,['Take-Two Interactive'],STOCK,007ac1
27,Modern Meds,Support the advancement of medical science. These biotech companies innovate to save lives. ,SPDR S&P Biotech (ETF),XBI,99.84,0.19,0.35,-0.29,17.64,2015-09-03 15:47:43.290218,2018-07-23 14:30:41.409165,3,https://www.spdrs.com/product/fund.seam?ticker=xbi,2/6/2006,2018-07-23 14:15:27.000000,An apple a day just doesn't cut it anymore. These biotech and pharmaceutical companies work to cure diseases and save lives. Some of them might just hit on the next big breakthroughs. ,78464A870,84.87,2018,,15.65,"['biotech', 'pharmaceutical', 'medical', 'drugs', 'Anacor', 'Acadia', 'Medivation', 'Neurocrine', 'Alkermes', 'Ligand', 'Intercept', 'Agios', 'Seattle Genetics', 'cure', 'breakthrough', 'diseases']",ETF,
26,Global Citizen,It's a big world out there - why limit yourself to the US? Invest around the globe.,Vanguard Total World Stock ETF,VT,74.81,2.21,0.11,-0.11,0.74,2015-09-03 15:47:43.258291,2018-07-23 14:30:41.419485,1,https://personal.vanguard.com/us/funds/snapshot?FundId=3141&FundIntExt=INT,6/26/2008,2018-07-23 14:14:44.000000,"Why limit yourself to the US? Tap into companies from all corners of the earth. This investment exposes you to over 7,000 assets across 40 countries.",922042742,74.26,2018,,40.8,"['oil', 'vanguard', 'energy', 'medical', 'nike', 'netflix', 'under armour', 'sprint', 'nintendo', 'Nasdaq', 'apple', 'microsoft', 'facebook', 'general electric', 'exxon', 'amazon', 'nestle', 'at&t', 'tesla', 'entertainment', 'global', 'earth']",ETF,
85,Altria,"With products at 200k+ retailers, this company is a major force in the U.S. tobacco industry. ","Altria Group, Inc",MO,57.6,4.72,0.0,-0.07,-18.47,2018-05-08 19:02:08.802869,2018-07-23 14:30:41.425992,1,http://investor.altria.com/phoenix.zhtml?src=leftnav&c=80855&p=irol-irhome,01/13/1978,2018-07-23 14:15:26.000000,"With 180 years of American heritage between them, Altria Group's portfolio includes some of the largest producers and marketers of tobacco and cigarettes in the game. You can also raise a glass to one of their beer or wine holdings. This is a direct investment in Altria stock. ",02209S103,70.65,2018,,,[''],STOCK,355778
107,Abbvie,This biopharmaceutical company develops treatments for some of the world's most serious diseases.,AbbVie Inc.,ABBV,89.1,3.68,0.0,0.21,-6.25,2018-05-30 17:21:17.320279,2018-07-23 14:30:41.432414,1,http://investors.abbvie.com/investor-overview,12/21/2012,2018-07-23 14:15:39.000000,"Best known for autoimmune medication Humira, AbbVie researches and markets therapies that treat autoimmune diseases, cancer, hepatitis, HIV, Parkinson's, multiple sclerosis, thyroid disease, cystic fibrosis, and other serious health conditions. This is a direct investment in AbbVie stock.",00287Y109,95.04,2018,,29.11,['Abbvie'],STOCK,113873
7,Internet Titans,Invest in the immense potential of the Internet. These companies make most of their money online.,First Trust Dow Jones Internet Index Fund,FDN,143.63,0.0,0.54,-0.29,30.72,2015-09-03 15:47:42.744769,2018-07-23 14:30:41.438888,2,https://www.ftportfolios.com/Retail/etf/ETFsummary.aspx?Ticker=FDN,6/23/2006,2018-07-23 14:15:33.000000,"From shopping, to dating, to entertainment, the Internet has changed almost every aspect of life - and it's only twenty-something years old. These companies capitalize on the Internet's irresistible allure.",33733E302,109.88,2018,,20.43,"['amazon', 'facebook', 'paypal', 'alphabet', 'yahoo', 'netflix', 'linkedin', 'eBay', 'entertainment', 'internet', 'Google', 'salesforce', 'internet', 'shopping', 'dating']",ETF,
95,Schlumberger,The world's largest oil-field services company operates in more than 85 countries.,Schlumberger N.V.,SLB,65.94,3.03,0.0,-0.23,-1.46,2018-05-14 19:46:07.905280,2018-07-23 14:30:41.445581,1,http://investorcenter.slb.com/phoenix.zhtml?c=97513&p=irol-irhome,01/13/1978,2018-07-23 14:15:39.000000,"With about 100,000 employees in over 85 countries, Schlumberger is the oil and gas industry's go-to provider of products, services, and technology related to exploration, drilling, production, and processing. This is a direct investment in Schlumberger stock.",806857108,66.92,2018,,,['Schlumberger'],STOCK,014289
45,Apple,"Renowned for its design focus, the iconic innovator's business spans hundreds of countries.","Apple, Inc.",AAPL,190.06,1.37,0.0,-0.72,12.77,2018-02-22 16:39:37.242493,2018-07-23 14:30:41.452093,1,http://investor.apple.com,12/12/1980,2018-07-23 14:15:39.000000,"Known for thinking differently since 1977, Apple strives to deliver superior customer experiences through its unified approach to hardware, software, and services—all led by its flagship product: iPhone. This is a direct investment in Apple stock.",037833100,168.54,2018,,,['Apple'],STOCK,f6f6f6
114,Twitter,"Over 300 million users post bite-sized messages called ""tweets"" on this global social network. ","Twitter, Inc.",TWTR,43.04,0.0,0.0,-0.88,79.26,2018-06-06 19:15:53.068714,2018-07-23 14:30:41.458497,1,https://investor.twitterinc.com,11/07/2013,2018-07-23 14:15:39.000000,"If it's news, someone probably tweeted about it. Available in over 40 languages, Twitter is a popular online news and social networking platform that allows users to see what's going on around the world in real time. This is a direct investment in Twitter stock.",90184L102,24.01,2018,,41.65,['Twitter'],STOCK,1da1f2
62,Starbucks,"The universally recognized coffeehouse chain claims over 25,000 stores across 75 markets.",Starbucks Corporation,SBUX,51.01,2.26,0.0,0.19,-10.7,2018-03-02 21:48:25.156803,2018-07-23 14:30:41.465394,1,https://investor.starbucks.com/ir-home/default.aspx,06/26/1992,2018-07-23 14:15:40.000000,"Home of the Frappuccino, Seattle-based Starbucks roasts, markets, and sells coffee in 75 countries. The global icon also owns Seattle's Best Coffee, tea brands, Teavana and Tazo, and juice brand, Evolution Fresh. This is a direct investment in Starbucks stock.",855244109,57.12,2018,,0.3,['Starbucks'],STOCK,007049
94,Simon Property Group,This is the only real estate company in the S&P 100 Index of mega cap companies.,"Simon Property Group, Inc",SPG,170.2,4.43,0.0,-0.18,0.35,2018-05-08 19:08:16.918256,2018-07-23 14:30:41.471681,1,http://investors.simon.com/phoenix.zhtml?c=113968&p=irol-IRHome,12/23/1993,2018-07-23 14:15:33.000000,"Does it get more American than shopping malls? Simon Property Group may be known as one of the largest U.S. shopping mall operators, but it also owns shopping, dining, entertainment, and mixed-use destinations around the world. This is a direct investment in Simon Property Group stock. ",828806109,169.6,2018,,6.36,[''],STOCK,000000
60,Nike,The global leader in athletic footwear and apparel is renowned for its high-performance brand.,"NIKE, Inc.",NKE,76.66,1.01,0.0,-0.39,22.93,2018-03-02 21:43:43.471604,2018-07-23 14:30:41.478028,1,http://investors.nike.com/Home/default.aspx,12/12/1980,2018-07-23 14:15:37.000000,"Named for the ancient Greek goddess of victory, Nike has been in the business of creating performance athletic gear for over 50 years. The company's other brands include Jordan, Hurley, and Converse. This is a direct investment in Nike stock.",654106103,62.36,2018,,,['Nike'],STOCK,f6f6f6
30,Retail Therapy,"Love to Shop? These companies spur you to spend on clothes, food, travel etc - online and off.",SPDR S&P Retail (ETF),XRT,49.85,1.34,0.35,-0.44,10.34,2015-09-03 15:47:43.378007,2018-07-23 14:30:41.484568,2,https://www.spdrs.com/product/fund.seam?ticker=XRT,6/22/2006,2018-07-23 14:15:38.000000,"Shopping is contagious. These retail companies sell the styles, staples, and sensations the world can't help but buy. Invest your money in the industry that's always enticing us to spend on something new.",78464A714,45.18,2018,,16.42,"['amazon', ""michael's"", 'tripAdvisor', 'netflix', 'Target', 'amazon', 'retail', 'entertainment', 'Outerwall', 'Caseys', 'Ulta Salon', 'PriceSmart', 'Liberty Travel', ""Children's Place"", 'Tractor Supply', 'shopping', 'world', 'global']",ETF,
106,UnitedHealth,The largest healthcare company by revenue offers both health insurance and services.,UnitedHealth Group Incorporated,UNH,255.09,1.25,0.0,0.95,16.09,2018-05-30 17:16:21.782989,2018-07-23 14:30:41.553129,1,http://www.unitedhealthgroup.com/Investors.aspx,10/26/1984,2018-07-23 14:15:21.000000,"In 2017, UnitedHealth processed nearly three-quarters of a trillion dollars in healthcare charges. The company's insurance services serve over 30 million people and their Optum healthcare services are used by nearly 100 million people. This is a direct investment in UnitedHealth stock.",91324P102,219.73,2018,,,['UnitedHealth'],STOCK,003c71
59,Home Depot,The North American superstore chain is the world's top home improvement retailer by net sales.,"The Home Depot, Inc.",HD,202.52,1.9,0.0,0.04,6.85,2018-03-02 21:41:45.611340,2018-07-23 14:30:41.559590,1,http://ir.homedepot.com/,10/02/1981,2018-07-23 14:15:39.000000,"Home Depot has built its business by serving both professional contractors and DIY homeowners. The company now owns over 2,000 big-box stores, an integrated online presence, and a portfolio of hardware brands. This is a direct investment in Home Depot stock.",437076102,189.53,2018,,,['Home Depot'],STOCK,f96302
61,Snap,Social app Snapchat's parent company hopes to reinvent the camera and improve communication.,Snap,SNAP,13.2,0.0,0.0,-0.5,-9.65,2018-03-02 21:46:02.687249,2018-07-23 14:30:41.565954,1,https://investor.snap.com/company-profile,03/02/2017,2018-07-23 14:15:39.000000,"Snap is the parent company of Snapchat and hopes to reinvent the camera to improve how people live and communicate. While most of its revenue come from ads on Snapchat, the business also produces Spectacles smart-glasses. This is a direct investment in Snap stock.",83304A106,14.61,2018,,27.09,['Snap'],STOCK,fffc00
110,Medtronic,"This top medical device manufacturer has been awarded more than 53,000 patents in its history.",Medtronic Public Limited Company,MDT,88.24,2.14,0.0,0.25,9.9,2018-05-30 17:29:42.869071,2018-07-23 14:30:41.572450,1,http://investorrelations.medtronic.com/phoenix.zhtml?c=76126&p=irol-IRHome,01/13/1978,2018-07-23 14:15:33.000000,"In approximately 160 countries, Medtronic's roster of medical devices keeps hearts beating, makes neurosurgery possible, grafts bones together, helps manage diabetes, and monitors patients in real-time (to name just a few applications). This is a direct investment in Medtronic stock.",G5960L103,80.29,2018,,,['Medtronic'],STOCK,224a87
29,Live Long & Prosper,Give global healthcare a shot in the arm. These companies help us live longer and better lives.,Health Care Select Sector SPDR Fund,XLV,86.91,1.44,0.14,0.17,5.12,2015-09-03 15:47:43.350635,2018-07-23 14:30:41.578813,2,https://www.spdrs.com/product/fund.seam?ticker=xlv,12/22/1998,2018-07-23 14:15:39.000000,"With baby boomers aging, technology advancing, and obesity problems persisting, the healthcare sector looks hale and hearty. This asset covers global pharma, biotech, and medical device companies. ",81369Y209,82.68,2018,,19.96,"['health', 'pfizer', 'merck', 'unitedhealth', 'allergan', 'future', 'pharmaceutical', 'johnson&johnson', 'drugs', 'medical', 'Bristol-Meyers', 'Gilead', 'Amgen', 'AbbVie', 'obesity', 'technology', 'global pharma', 'healthcare']",ETF,
55,Alibaba,The Chinese technology conglomerate operates the planet's largest retail marketplace by volume.,Alibaba Group Holding Limited,BABA,187.48,0.0,0.0,0.12,8.73,2018-03-02 21:20:54.336643,2018-07-23 14:30:41.598410,1,http://www.alibabagroup.com/en/ir/home,09/14/2014,2018-07-23 14:15:39.000000,"In 1999, former English teacher Jack Ma started Alibaba in a Hangzhou apartment. Focused on building the future infrastructure of commerce, his brain-child now dominates Chinese retail and operates in 200 countries. This is a direct investment in Alibaba stock.",01609W102,172.43,2018,,,['Alibaba'],STOCK,ff6a00
74,Electronic Arts,America's second largest game company aims to champion players above all else.,"Electronic Arts, Inc.",EA,146.66,0.0,,-0.56,39.6,2018-04-23 16:57:08.118412,2018-07-23 14:30:41.604979,1,http://investors.ea.com,10/06/89,2018-07-23 14:15:37.000000,"Since 1982, gaming pioneer Electronic Arts (EA) has campaigned a stellar roster that now includes FIFA, Madden, NHL, NCAA Football, NBA Live, SSX, Battlefield, Need for Speed, The Sims, Command & Conquer, Mass Effect, Dragon Age, and more. This is a direct investment in EA stock.",285512109,105.06,2018,,,['Electronic Arts'],STOCK,ff2720
88,Pfizer,This company holds many of the world's best-known healthcare brands in its global portfolio.,"Pfizer, Inc",PFE,37.33,3.54,0.0,0.0,4.01,2018-05-08 19:05:06.378544,2018-07-23 14:30:41.611497,1,https://investors.pfizer.com/investors-overview/default.aspx,01/13/1978,2018-07-23 14:15:39.000000,"To get your hands on a Pfizer product, look no further than your medicine cabinet. This pharmaceutical company's global portfolio includes consumer healthcare mega-brands like Advil, Emergen-C, Nexium, Thermacare, and Chapstick. This is a direct investment in Pfizer stock. ",717081103,35.89,2018,,,[''],STOCK,0093d0
101,Wells Fargo,This major banking and financial services corporation serves one in three U.S. households.,Wells Fargo & Company,WFC,57.09,2.77,0.0,1.2,-4.63,2018-05-21 21:12:00.989334,2018-07-23 14:30:41.618093,1,https://www.wellsfargo.com/about/investor-relations/filings/,01/13/1978,2018-07-23 14:15:38.000000,"Wells Fargo has over 260k employees, $2 trillion in assets, and serves one in three U.S. households. This corporation offers a wide range of financial services and was ranked 5th on Forbes 2017 ""Biggest Public Company in the World"" list. This is a direct investment in Wells Fargo stock.    ",949746747,59.86,2018,,,['Wells Fargo'],STOCK,bb0726
112,Abbott Laboratories,"As of 2017, this diversified healthcare company had paid quarterly dividends for 94 years.",Abbott Laboratories,ABT,63.23,1.75,0.0,-0.15,11.85,2018-05-30 17:31:23.665722,2018-07-23 14:30:41.624529,1,http://www.abbott.com/investors.html,01/13/1978,2018-07-23 14:15:39.000000,"Abbott Laboratories may be best known for its nutritional products division which include Pedialyte and Ensure. However, the company also boasts robust generic drug, diagnostic product, and medical device divisions. This is a direct investment in Abbott Laboratories stock.",002824100,56.53,2018,,,['Abbott Laboratories'],STOCK,019cde
90,AT&T,"With $163 billion in annual sales, this telecom giant was recently crowned ""world's biggest.""",AT&T Inc,T,30.85,6.4,0.0,-0.82,-18.45,2018-05-08 19:05:55.437958,2018-07-23 14:30:41.630883,1,https://investors.att.com/investor-profile,07/19/1984,2018-07-23 14:15:38.000000,"AT&T was already named the biggest—now it wants to be the best. With talk, text, and data coverage offered in over 200 countries, the telecom giant is on a mission to create the best entertainment and communications experiences in the world. This is a direct investment in AT&T stock.",00206R102,37.83,2018,,,[''],STOCK,00a8e0
80,McDonald's,"Known for its ""Golden Arches,"" the world's top restaurant chain serves 69 million every day.",McDonald's Corporation,MCD,157.87,2.51,0.0,-0.07,-7.7,2018-04-25 22:04:07.250122,2018-07-23 14:30:41.637250,1,http://corporate.mcdonalds.com/corpmcd/investors-relations/company-profile.html,04/21/1965,2018-07-23 14:15:17.000000,"What started as hamburger stand in 1940 is now the world's largest restaurant chain, with more than 36,000 locations in 100+ countries. Every day, the fast food giant serves 69 million people—that's 25 billion customers per year. This is a direct investment in McDonald's stock.",580135101,171.04,2018,,,"[""McDonald's""]",STOCK,bf0c0c
113,Bristol-Myers Squibb,This global biopharmaceutical company has a centuries-long history of fighting serious diseases.,Bristol-Myers Squibb Company,BMY,55.52,2.8,0.0,-2.11,-8.22,2018-05-30 17:32:26.354657,2018-07-23 14:30:41.643540,1,https://www.bms.com/investors.html,01/13/1978,2018-07-23 14:15:39.000000,"In 1989, the 102 year-old Bristol-Myers Co. merged with the 131 year-old Squibb Corp. to form Bristol-Myers Squibb. With over 250 years of history, the biopharmaceutical company now makes drugs to treat the world's most serious diseases. This is a direct investment in Bristol-Myers Squibb stock.",110122108,60.49,2018,,0.65,['Bristol-Myers Squibb'],STOCK,006ca7
52,NVIDIA,The pioneer of advanced computing builds the processors that fuel the AI revolution.,NVIDIA Corporation,NVDA,246.3,0.24,0.0,-1.83,27.37,2018-02-22 21:29:07.223305,2018-07-23 14:30:41.650049,1,http://investor.nvidia.com/home/default.aspx,01/29/1999,2018-07-23 14:15:40.000000,"The world's most demanding computer users—gamers, designers, and scientists—trust NVIDIA's GPU-accelerated computing to power groundbreaking software like AI, VR, blockchain, and autonomous driving. This is a direct investment in NVIDIA stock.",67066G104,193.38,2018,,1.47,['Nvidia'],STOCK,8cc63e
46,Amazon,The world's first online commerce giant now has its hand in countless industries.,"Amazon.com, Inc.",AMZN,1798.64,0.0,0.0,-0.83,53.8,2018-02-22 17:22:25.430456,2018-07-23 14:30:41.660247,1,http://phx.corporate-ir.net/phoenix.zhtml%3Fc%3D97664%26p%3Dirol-irhome,5/15/1997,2018-07-23 14:15:35.000000,"In 1994, current CEO Jeff Bezos started an online bookstore in his garage. Ever since, Amazon has obsessed over its customers (not competitors) and prioritized long-term thinking over short-term profits. This is a direct investment in Amazon stock.",023135106,1169.47,2018,,1.73,['Amazon'],STOCK,e8e8e8
21,Slow & Steady,Stabilize your stash with these companies that tend to avoid rollercoaster spikes and slopes.,Invesco S&P 500 Low Volatility ETF,SPLV,48.04,2.06,0.25,-0.22,0.63,2015-09-03 15:47:43.125933,2018-07-23 14:29:41.476292,1,https://www.invesco.com/portal/site/us/financial-professional/etfs/product-detail?productId=SPLV,5/5/2011,2018-07-23 14:14:21.000000,"Volatile investments surge and sink without much warning, making for bigger risks and rewards. Getting on the bad side of those wild swings can hurt. This covers bigger companies that show less volatility. ",46138E354,47.74,2018,,21.23,"['medical', 'Coca-Cola', 'Waste', 'General Mills', 'Lockheed Martin', 'healthcare', 'health', 'coke', 'DaVita HealthCare', 'Sysco Corp', 'Waste Management', 'food', 'Torchmark', 'Aflac', 'Church & Sweight', 'Pepsico', 'lower risk', 'big companies']",ETF,
19,On Cloud Nine,Live your life on the cloud? Invest in companies that make it all possible. ,First Trust ISE Cloud Computing Index Fund,SKYY,55.4,0.24,0.6,-0.32,20.75,2015-09-03 15:47:43.072839,2018-07-23 14:30:41.666641,2,http://www.ftportfolios.com/retail/etf/etfsummary.aspx?Ticker=SKYY,7/6/2011,2018-07-23 14:15:40.000000,"As our devices slim down and our data piles up, we're relying more than ever on the cloud. These cloud computing technology companies let us store and access our photos, songs, and files anywhere, anytime. ",33734X192,45.88,2018,,20.25,"['Facebook', 'Amazon', 'cloud', 'netflix', 'oracle', 'cisco systems', 'entertainment', 'security', 'Equinix Inc', 'Open Text corporation', 'F5 Networks', 'EMC Corporation', 'Zynga', 'salesforce', 'data', 'device', 'cloud computing']",ETF,
67,Tesla,The integrated sustainable energy company leads the emerging electric vehicle industry. ,"Tesla, Inc.",TSLA,297.7,0.0,0.0,-5.06,-4.38,2018-03-19 17:55:14.732937,2018-07-23 14:30:41.673545,1,http://ir.tesla.com,06/29/2010,2018-07-23 14:15:37.000000,Famous tycoon and engineer Elon Musk helms Tesla—a company known primarily for its groundbreaking electric vehicles. Tesla and its subsidiary SolarCity also design and sell solar energy systems and lithium-ion batteries. This is a direct investment in Tesla stock.,88160R101,311.35,2018,,23.83,['Tesla'],STOCK,cc0000
93,NextEra Energy,"This leading clean energy company is one of Fortune's ""World's Most Admired"" in 2018.","NextEra Energy, Inc",NEE,168.98,2.46,0.0,-0.59,8.96,2018-05-08 19:07:48.870576,2018-07-23 14:30:41.680036,1,http://www.investor.nexteraenergy.com/company-overview,06/27/2014,2018-07-23 14:15:33.000000,"Headquartered in Florida, NextEra Energy is a leading clean energy company often recognized for its sustainability efforts. Together with its affiliates, it's the world's largest generator of renewable energy from the wind and sun. This is a direct investment in NextEra Energy stock.",65339F101,155.08,2018,,91.1,[''],STOCK,0199de
108,Merck,This global health care giant specializes in both human and animal medicines and therapies.,"Merck & Co., Inc.",MRK,62.66,3.06,0.0,0.22,12.33,2018-05-30 17:25:50.171398,2018-07-23 14:30:41.686690,1,http://investors.merck.com/home/default.aspx,01/13/1978,2018-07-23 14:15:38.000000,"From salmon to horses to humans, Merck and Co. treats lots of creatures. The healthcare company is best known for NuvaRing, Singulair, Gardasil, Banamine, and The Merck Manuals—wildly popular medical references for docs and vets. This is a direct investment in Merck and Co. stock.",58933Y105,55.78,2018,,,['Merck'],STOCK,019591
58,ExxonMobil,This energy powerhouse is the largest publicly traded oil and natural gas company.,Exxon Mobil Corporation,XOM,81.61,3.85,0.0,0.26,-1.43,2018-03-02 21:39:34.836701,2018-07-23 14:30:41.693419,1,http://ir.exxonmobil.com/,03/17/1980,2018-07-23 14:15:38.000000,"The top supermajor in Big Oil, ExxonMobil descends from Rockefeller's Standard Oil monopoly. Its success is fueled by resource exploration, licensing, and the production of oil, natural gas, and petroleum products. This is a direct investment in ExxonMobil stock.",30231G102,82.79,2018,,,['ExxonMobil'],STOCK,cc0026
56,Boeing,The world's largest aerospace company is also the USA's largest manufacturing exporter.,The Boeing Company,BA,354.92,1.76,0.0,0.01,20.94,2018-03-02 21:34:09.484036,2018-07-23 14:30:41.699815,1,http://investors.boeing.com/investors/overview/default.aspx,01/02/1962,2018-07-23 14:15:38.000000,"Now in its second century of business, Boeing builds and services commercial airplanes, military aircraft, defense systems, satellites, and rockets for airlines and governments in over 150 countries. This is a direct investment in Boeing stock.",097023105,293.46,2018,,,['Boeing'],STOCK,0033a1
22,Small but Mighty,"Stand up for the little guys. Small but spirited, these companies have room to grow.",Vanguard Small-Cap ETF,VB,160.17,1.34,0.06,-0.28,8.37,2015-09-03 15:47:43.154771,2018-07-23 14:30:41.706201,2,https://personal.vanguard.com/us/funds/snapshot?FundId=0969&FundIntExt=INT,1/30/2004,2018-07-23 14:15:04.000000,"Quick, nimble, and often overlooked, many small capitalized companies have a lot of room to grow. Remember, all big companies started out small. ",922908751,147.8,2018,,40.55,"['Vanguard', 'waste', 'energy', 'Ingredion Inc', 'Waste Connection', 'Arthur J Gallagher', 'AGL Resources', 'Valspar Corp', 'Atmos Energy', 'Westar Energy', 'Regency Centers', 'Mid-America Apar', 'small companies', 'big companies']",ETF,
98,Northrop Grumman,This global contractor is one of the world's biggest defense and security companies.,Northrop Grumman Corporation,NOC,322.08,1.33,0.0,-0.57,5.28,2018-05-14 20:01:58.787319,2018-07-23 14:30:41.712638,1,http://investor.northropgrumman.com/investor-overview,01/13/1978,2018-07-23 14:15:25.000000,"Northrop Grumman is best known for the lunar module that put humans on the moon and the B-2 stealth bomber. These days, the company delivers solutions for applications that range from undersea to outer space and into cyberspace. This is a direct investment in Northrop Grumman stock.",666807102,305.92,2018,,,['Northrop Grumman'],STOCK,015999
92,Honeywell,This international conglomerate produces a huge range of consumer and commercial products.,Honeywell International,HON,153.26,1.89,0.0,0.09,0.42,2018-05-08 19:07:20.655669,2018-07-23 14:30:41.719043,1,https://www.honeywell.com/who-we-are/overview,09/27/1985,2018-07-23 14:15:39.000000,"Honeywell technologies can be found everywhere from your living room to outer space. This international business invents and manufactures a huge range of ""critically connected"" products for homes, vehicles, aircraft, factories and more. This is a direct investment in Honeywell stock. ",438516106,152.62,2018,,,[''],STOCK,ee3124
63,The Coca-Cola Company,The planet's number one beverage company licenses and markets over 500 non-alcoholic beverages.,The Coca-Cola Company,KO,45.1,3.36,0.0,-0.4,-1.7,2018-03-02 22:33:32.737175,2018-07-23 14:30:41.725319,1,http://www.coca-colacompany.com/investors,01/13/1978,2018-07-23 14:15:36.000000,"Invented in 1886, the Coca-Cola Company's namesake drink has become a part of Americana. Now, the multinational is home to iconic brands like Sprite, Fanta, POWERADE, vitaminwater, smartwater, and Honest Tea. This is a direct investment in Coca-Cola Company stock.",191216100,45.88,2018,,,['The Coca-Cola Company'],STOCK,ed1c16
99,Lockheed Martin,The planet's largest defense contractor by revenue is also the U.S. government's top contractor.,Lockheed Martin Corporation,LMT,320.44,2.42,0.0,-0.66,0.37,2018-05-14 20:02:59.967998,2018-07-23 14:30:41.731715,1,http://phx.corporate-ir.net/phoenix.zhtml?c=83941&p=irol-irhome,03/24/1995,2018-07-23 14:15:21.000000,"Focused on cutting-edge military systems and deep-space exploration, Lockheed Martin is the defense industry's top dog. Its secretive ""Skunk Works"" lab has famously developed the U-2 Bomber, SR-71 Blackbird, F-22 Raptor, and F-35 Lightning. This is a direct investment in Lockheed Martin stock.",539830109,319.26,2018,,15.46,['Lockheed Martin'],STOCK,005daa
86,Chevron,This American oil giant works to drive forward the future of energy around the world. ,Chevron Corporation,CVX,122.46,3.6,0.0,0.16,-1.21,2018-05-08 19:03:12.724101,2018-07-23 14:30:41.738058,1,https://www.chevron.com/annual-report,10/19/2001,2018-07-23 14:15:39.000000,"Every day, billions of people rely on fuel delivered by Chevron. As a worldwide leader in integrated energy and a Fortune Global 500 company, Chevron develops energy solutions that improve lives and help power the world forward. This is a direct investment in Chevron stock.",166764100,123.96,2018,,24.27,[''],STOCK,009dd9
84,JD.com,"China's second largest online retailer is big on product offering, small on delivery time. ","JD.com, Inc",JD,35.59,0.0,0.0,0.23,-14.08,2018-05-08 19:01:48.855745,2018-07-23 14:30:41.744478,1,http://ir.jd.com/phoenix.zhtml?c=253315&p=irol-IRHome,05/21/2014,2018-07-23 14:15:39.000000,"Also known as Jingdong, JD.com is China's second largest online retailer. Its vast product offering ranges from fresh food to electronics, and its nationwide fulfillment network offers same and next-day delivery for 1 billion+ people. This is a direct investment in JD.com stock. ",47215P106,41.42,2018,,20.9,[],STOCK,c91423
78,PepsiCo,This global food and beverage company operates in more than 200 countries and territories.,"PepsiCo, Inc.",PEP,114.7,2.88,0.0,-1.13,-3.65,2018-04-25 21:48:30.887994,2018-07-23 14:30:41.750980,1,http://www.pepsico.com/Investors,01/13/1978,2018-07-23 14:15:38.000000,"PepsiCo traces back to the 1898 creation of Pepsi-Cola by a pharmacist. Today, the company markets beloved brands like Pepsi, Mountain Dew, Gatorade, Tropicana, Doritos, Lipton, Aquafina, Quaker, Lay's, Ruffles, Cheetos, Tostitos, and Fritos. This is a direct investment in PepsiCo stock.",713448108,119.04,2018,,,['PepsiCo'],STOCK,e32934
117,IBM,"For over a century, ""Big Blue"" has been a technology leader helping build smarter businesses.",International Business Machines Corporation,IBM,145.67,4.15,0.0,-0.47,-3.05,2018-06-12 14:53:22.603927,2018-07-23 14:30:41.757645,1,https://www.ibm.com/investor/,01/13/1978,2018-07-23 14:15:39.000000,"IBM traces its deep technological roots back to the 1880s. Since, the company has pioneered many industry-firsts. As of 2018, IBM holds the record for most US patents for 25 consecutive years, and its employees have been awarded five Nobel Prizes. This is a direct investment in IBM stock.",459200101,150.26,2018,,9.42,['IBM'],STOCK,1f70c1
82,Costco,The membership-only warehouse operator is one of the world's largest consumer retailers.,Costco Wholesale Corporation,COST,219.81,0.95,0.0,0.51,18.42,2018-04-25 22:05:28.665405,2018-07-23 14:30:41.764091,1,http://phx.corporate-ir.net/phoenix.zhtml?c=83830&p=irol-irhome,12/05/1985,2018-07-23 14:15:20.000000,"Costco's subscription model allows it to efficiently offer lower prices, making it a one-stop shop for many of its 90 million members. The retailer sells groceries, household items, appliances, health products, apparel, and even gasoline. This is a direct investment in Costco stock.",22160K105,185.62,2018,,,['Costco'],STOCK,007fa9
11,Defending America,Invest in America's military suppliers. These aerospace and defense companies help secure our skies.,iShares U.S. Aerospace & Defense ETF,ITA,201.9,0.93,0.44,-0.49,7.33,2015-09-03 15:47:42.853258,2018-07-23 14:30:41.770562,2,https://www.ishares.com/us/products/239502/ishares-us-aerospace-defense-etf,5/5/2006,2018-07-23 14:15:21.000000,"Boasting the world's strongest military and biggest defense budget, America spends billions to safeguard our skies. These aerospace and defense manufacturers arm our troops with the latest aircrafts and equipment.",464288760,188.11,2018,,45.83,"['defense', 'Boeing', 'lockheed martin', 'northrop grumman', 'airplanes', 'weapons', 'L-3 Communications', 'General Dynamics', 'Textron', 'Raytheon', 'Transdigm', 'Rockwell Collins', 'aerospace', 'united states']",ETF,
13,Blue Chips,Rely on the superstars that already made it big. Buy some of America's most well-known companies.,Vanguard Mega Cap ETF,MGC,96.35,1.83,0.07,-0.06,4.97,2015-09-03 15:47:42.903146,2018-07-23 14:30:41.777071,1,https://personal.vanguard.com/us/funds/snapshot?FundId=3137&FundIntExt=INT,12/27/2007,2018-07-23 14:15:33.000000,"These behemoth blue-chip companies tend to be sturdy and strong when others may falter. Thanks to their size, they're likely to be more stable than the smaller fish in the pond.",921910873,91.79,2018,,41.33,"['oil', 'energy', 'Apple', 'Vanguard', 'Microsoft', 'Exxon', 'Berkshire Hathaway', 'Buffett', 'Facebook', 'AT&T', 'nike', 'Netflix', 'disney', 'sprint', 'tesla', 'johnson & Johnson', 'jp morgan', 'entertainment', 'general electric']",ETF,
70,Big Business Bonds,Invest in 5–10 year loans to the most creditworthy companies in the US of A with these bonds.,Vanguard Intermediate-Term Corporate Bond ETF,VCIT,83.64,3.44,0.07,-0.21,-3.8,2018-03-26 13:55:52.657758,2018-07-23 14:30:41.783644,1,https://personal.vanguard.com/us/funds/snapshot?FundIntExt=INT&FundId=3146&funds_disable_redirect=true,11/19/2009,2018-07-23 14:15:02.000000,Companies use bonds as a way to raise money for business activities. This fund invests specifically in bonds issued by established US companies with strong balance sheets and a history of paying back lenders.,92206C870,86.94,2018,,,['Big Business Bonds'],ETF,
69,Bonds Worldwide,Gain broad exposure to high-quality international government bonds. Investors? Possibly you.,Vanguard Total International Bond ETF,BNDX,54.76,2.21,0.12,-0.24,0.88,2018-03-26 13:53:05.926646,2018-07-23 14:30:41.790323,1,https://personal.vanguard.com/us/funds/snapshot?FundIntExt=INT&FundId=3711&funds_disable_redirect=true,05/31/2013,2018-07-23 14:15:13.000000,Exchange rates between currencies are constantly changing. This fund provides fixed income and currency diversification through international bonds from stable governments around the world.,92203J407,54.28,2018,,,['Bonds Worldwide'],ETF,
43,Corporate Cannabis,"Invest in the growing legal marijuana industry—including pure plays, production, and pharmaceuticals.",ETFMG Alternative Harvest ETF,MJ,27.6,0.59,0.75,1.25,-15.26,2018-01-11 21:07:52.122375,2018-07-23 14:30:41.796610,1,http://www.etfmj.com,12/26/2017,2018-07-23 14:15:30.000000,"Mainstream marijuana is a young, volatile industry. This investment combines legal cannabis cultivation, distribution, and medical applications with big tobacco stocks to focus on the benefits global cannabis acceptance may bring. (Warning: This is a high-risk, speculative fund exposed to legal and regulatory uncertainty. Consider how your investment in this product may be treated under any rules, policies and procedures you may be subject to, including by your employer. Marijuana is still considered an illegal substance under federal law. Stash does not condone or encourage the use of marijuana or any other illegal substance.) 
",26924G508,32.57,2018,,30.11,"['marijuana', 'weed', 'cannabis', 'pharmaceuticals']",ETF,
5,Data Defenders,"Protect the world with cybersecurity. As life goes digital, data defenders are in high demand.",First Trust NASDAQ CEA Cybersecurity ETF,CIBR,27.63,0.09,0.6,-0.33,19.46,2015-09-03 15:47:42.688946,2018-07-23 14:30:41.803060,2,https://www.ftportfolios.com/Retail/Etf/EtfSummary.aspx?Ticker=CIBR,7/7/2015,2018-07-23 14:15:17.000000,"Protect the world with cybersecurity. As life goes digital, data defenders are in high demand.",33734X846,23.13,2018,,19.51,"['Cisco', 'cyber', 'cybersecurity', 'palo alto networks', 'akamai technologies', 'juniper networks', 'computer sciences corporation', 'VMware', 'Fortinet', 'Splunk', 'Ahnlab', 'security', 'nxp semiconductors', 'superheroes', 'private', 'data', 'privacy', 'tech']",ETF,
72,Rate Hike Refuge,These bonds protect against rising US interest rates via short-term loans to stable companies.,iShares Floating Rate Bond ETF,FLOT,50.99,1.82,0.2,0.08,0.63,2018-03-26 14:02:51.617610,2018-07-23 14:30:41.809855,1,https://www.ishares.com/us/products/239534/ishares-floating-rate-bond-etf,06/14/2011,2018-07-23 14:14:59.000000,"The US Federal Reserve Bank changes the Federal Funds Rate (the rate at which banks borrow from others banks) as a way to manage inflation. When the Fed raises interest rates, it costs everyone more to borrow money. Generally, this means bonds that were issued in the past lose value. Why? Well, newly issued bonds will now pay more because of higher interest rates. This fund protects against rising interest rates by investing in floating rate bonds, which automatically adjust value to track the Federal Funds Rate.",46429B655,50.67,2018,,,['Rate Hike Refuge'],ETF,
49,Alphabet,Google's parent is the globe's largest media owner and earns most of its money from advertising.,Alphabet Inc.,GOOGL,1202.36,0.0,0.0,0.37,14.14,2018-02-22 17:30:07.397058,2018-07-23 14:30:41.816272,1,https://abc.xyz/investor/,08/19/2004,2018-07-23 14:15:40.000000,"Alphabet is the holding company for Google and a collection of moonshot businesses. Nearly all of its profits come from ads served on Google's global media platforms, including Search, YouTube, and Maps. This is a direct investment in Alphabet stock.",02079K305,1053.4,2018,,54.21,['Alphabet'],STOCK,ed1c24
89,Advanced Micro,This multinational tech company rivals Intel as a supplier for certain microprocessors.,"Advanced Micro Devices, Inc",AMD,16.27,0.0,0.0,-1.42,58.27,2018-05-08 19:05:26.706204,2018-07-23 14:30:41.822722,1,http://ir.amd.com/,09/27/1972,2018-07-23 14:15:39.000000,"Not very computer-savvy? Don't worry, Advanced Micro has it figured out for you. This semiconductor company specializes in microprocessors, motherboard chipsets, and a bunch of other things that make your laptop whir. This is a direct investment in Advanced Micro Devices stock. ",007903107,10.28,2018,,,[''],STOCK,ed1c24
40,Real Estate Tycoon,"Flip the rental equation, and become the landlord with this real estate investment fund.",Vanguard Real Estate ETF,VNQ,80.68,4.39,0.12,-0.49,-2.77,2017-10-11 20:56:35.068895,2018-07-23 14:30:41.829089,2,https://personal.vanguard.com/us/funds/snapshot?FundIntExt=INT&FundId=0986,09/23/2004,2018-07-23 14:15:35.000000,"Buying real estate is a powerful way to diversify and generate income. Invest in these mighty landlords to earn rental revenue from commercial, hotel, and residential properties. (Most dividends are taxed as ordinary income.)",922908553,82.98,2018,,,"['REIT', 'REITs', 'real estate', 'realty', 'hotel', 'hospital', 'residential', 'property', 'dividend', 'yield', 'rent', 'housing', 'retail', 'house', 'mortgage', 'commercial']",ETF,
23,Money Machines,Money makes the world go round. These companies are the leading players in finance.,Vanguard Financials ETF,VFH,70.33,1.81,0.1,0.59,0.41,2015-09-03 15:47:43.180288,2018-07-23 14:30:41.835703,2,https://personal.vanguard.com/us/funds/snapshot?FundId=0957&FundIntExt=INT,1/30/2004,2018-07-23 14:15:31.000000,"It takes money to make money. Invest in some of the biggest companies in finance, including banks, brokers, insurance, and real estate operators. ",92204A405,70.04,2018,,37.52,"['Vanguard', 'Berkshire Hathaway', 'Warren Buffett', 'Goldman Sachs', 'Bank of America', 'Wells Fargo', 'Nasdaq', 'JPMorgan Chase', 'CitiGroup', 'US Bancorp', 'Simon Property', 'American Express', 'banks', 'brokers', 'insurance', 'real estate', 'finance', 'big companies']",ETF,
14,Park my Cash,"Want more interest than you get at the bank? This investment generates interest, with minimal risk.",PIMCO Enhanced Short Maturity Active Exchange Traded Fund,MINT,101.54,1.89,0.35,0.03,-0.02,2015-09-03 15:47:42.929156,2018-07-23 14:30:41.842076,1,http://www.pimcoetfs.com/Funds/Pages/PIMCOEnhancedShortMaturityStrategyFund.aspx,11/17/2009,2018-07-23 14:15:09.000000,"This asset aims to put your cash to work by earning you interest but still keeping risks relatively low. Made up of short-term bonds, it's likely to be steadier than most investments.",72201R833,101.56,2018,,92.48,"['oil', 'Verizon', 'Mexico Government', 'Electricite de France', 'Goldman Sachs', 'HSBC', 'American Express', 'bonds', 'Macquarie', 'Srunsec', 'Chevron Corp', 'Conagra Foods', 'food', 'American Express', 'electricity', 'dividends', 'lower risk']",ETF,
36,Pacific Powerhouses,Journey to the other side of the world. Asia Pacific has a lot to offer the adventurous investor.,Vanguard FTSE Pacific ETF,VPL,69.92,2.7,0.1,-0.09,-4.09,2017-05-26 18:37:33.355208,2018-07-23 14:29:41.578932,2,https://personal.vanguard.com/us/funds/snapshot?FundIntExt=INT&FundId=0962,03/04/2005,2018-07-23 14:14:01.000000,Innovative Japanese companies take center stage in this investment. Look further and you’ll find the banks of Hong Kong and Australia. This investment includes powerhouse companies from the developed economies in Asia P acific.,922042866,72.9,2018,,,"['Samsung', 'Toyota', 'Australia', 'Korea', 'Mitsubishi ']",ETF,
31,Public Works,"America needs schools, highways, hospitals, and sewer systems. This is how we get it done.",iShares National Muni Bond ETF,MUB,109.18,2.31,0.07,-0.05,-1.41,2016-06-21 19:42:57.651712,2018-07-23 14:30:41.852309,1,https://www.ishares.com/us/products/239766/ishares-national-amtfree-muni-bond-etf,9/10/2007,2018-07-23 14:15:25.000000,"An investment in municipal bonds gets the job done, in more ways than one. States and cities use them to fund important building projects and run the day to day. You get a relatively low risk investment in the process -- and muni interest income is exempt from federal taxes.",464288414,110.74,2018,,75.0,"['municipal bonds', 'Blackrock', 'transportation', 'Metropolitan', 'East Bay', 'Massachusetts', 'San Diego', 'Public works']",ETF,
10,Clean & Green,Make your money even greener. Invest in the power of clean energy sources like solar and wind.,iShares Global Clean Energy ETF,ICLN,8.96,2.38,0.48,0.14,-3.86,2015-09-03 15:47:42.828332,2018-07-23 14:27:41.817033,2,https://www.ishares.com/us/products/239738/ishares-global-clean-energy-etf,6/25/2008,2018-07-23 14:12:24.000000,"No one likes polluting the earth, but our energy addiction is hard to break. Clean energy companies to the rescue! Clear the air and invest in companies producing solar, wind, and other forms of renewable energy.",464288224,9.32,2018,,40.43,"['Energy', 'Electric', 'Solar', 'Wind', 'China', 'clean energy', 'environment', 'green energy', 'Meridian Energy', 'Nordex', 'green', 'Verbund AG', 'Covanta Holding Corp', 'Vestas Wind Systems', 'China Longyuan Power', 'China Everbright International', 'Gamesa Corporacion Tecnologica']",ETF,
44,Long-Term Mix,This aggressive blend is specifically built for long-term investing—like planning for retirement.,iShares Core Aggressive Allocation ETF,AOA,53.78,1.95,0.25,-0.26,-0.19,2018-02-08 15:41:37.405795,2018-07-23 14:24:41.887903,1,https://www.ishares.com/us/products/239729/ishares-aggressive-allocation-etf,11/04/08,2018-07-23 14:08:43.000000,"Aggressive investing works by trading short-term stability for long-term value. This mix follows that strategy by focusing on stocks from both mature and emerging economies—while holding relatively few bonds. If you're in for the long haul, you can feel comfortable using your mix as the core of your portfolio.",464289859,53.88,2018,,,"['international stocks', 'bonds', 'us large cap stocks', 'asset allocation']",ETF,
9,Colossal China,"Get a piece of the fastest growing large economy, powered by a population of 1.3 billion.",SPDR S&P China ETF,GXC,102.37,2.21,0.59,-0.56,-4.5,2015-09-03 15:47:42.802354,2018-07-23 14:29:41.590159,3,https://www.spdrs.com/product/fund.seam?ticker=GXC,3/23/2007,2018-07-23 14:14:26.000000,"With innovative entrepreneurs and an ascendant middle class, China has had one of the fastest-growing economies in recent decades. This asset covers a wide range of Chinese stocks open to foreign investors. ",78463X400,107.19,2018,,44.28,"['china', 'china mobile limited', 'bank of china', 'alibaba', 'China Construction Bank', 'baidu inc', 'Ping An', 'JD.com', 'tencent holdings', 'entrepreneurs', 'stocks', 'chinese']",ETF,
71,Inflation Defense,Loan money to the US government while protecting against inflation with these unique bonds.,Vanguard Short-Term Inflation-Protected Securities ETF,VTIP,48.79,0.6,0.07,-0.03,-0.06,2018-03-26 14:01:15.706150,2018-07-23 14:28:41.644165,1,https://personal.vanguard.com/us/funds/snapshot?FundId=3365&FundIntExt=INT&funds_disable_redirect=true,10/12/2012,2018-07-23 14:12:57.000000,"When inflation increases, cold hard cash loses value. Generally, this means that traditional bonds also lose value. Why? Well the bonds' future cash payments have also lost value. This fund protects against this by investing in TIPS (Treasury Inflation Protected Securities), which automatically adjust value to track inflation. ",922020805,48.82,2018,,,['Inflation Defense'],ETF,
39,High Voltage,The world of utilities and power production is undergoing lightning fast change—capitalize on all of it.,Vanguard Utilities ETF,VPU,116.15,3.21,0.1,-0.54,-0.38,2017-10-11 20:56:35.042221,2018-07-23 14:30:41.873794,1,https://personal.vanguard.com/us/funds/snapshot?FundIntExt=INT&FundId=0960,01/26/2004,2018-07-23 14:15:27.000000,"Whether stocks go up or down, people always need electricity, water, and gas. Utility companies are the backbone of America, and this fund offers a practical selection that includes everything from coal to renewables.",92204A876,116.59,2018,,,"['water', 'power', 'gas', 'coal', 'utilities', 'utility', 'solar', 'wind', 'nuclear', 'energy', 'renewable', 'oil', 'clean', 'fuel', 'fossil']",ETF,
65,Ford,The American industrial icon builds and sells millions of automobiles around the world.,Ford Motor Company,F,10.48,5.68,0.0,-0.81,-14.03,2018-03-19 17:53:54.613312,2018-07-23 14:30:41.880354,1,http://shareholder.ford.com,01/17/1956,2018-07-23 14:15:39.000000,"Founded by Henry Ford in 1903 and family-operated ever since, Ford cars have been an international staple for over a century. The Detroit based company now markets vehicles under the Ford, Lincoln, and Troller marques. This is a direct investment in Ford stock.",345370860,12.19,2018,,,['Ford'],STOCK,1c396d
115,AI's Top U.S. Picks,"Built on IBM's Watson AI, this fund holds US stocks picked by artificial intelligence models.",The AI Powered Equity ETF,AIEQ,28.93,0.55,0.75,-0.44,11.83,2018-06-12 14:47:19.796344,2018-07-23 14:22:41.863113,2,http://www.equbotetf.com/,10/18/2017,2018-07-23 14:07:17.000000,"Using IBM's Watson, this AI system mimics a team of 1,000 researchers working 24/7 to analyze millions of data points every day. The system continuously uses this data to construct predictive models for about 6,000 US companies and build a portfolio focused on long-term growth.",26924G813,25.87,2018,,25.22,"[""AI's Top U.S. Picks""]",ETF,
75,Activision Blizzard,The top game company in America is a legendary titan of interactive entertainment.,"Activision Blizzard, Inc.",ATVI,79.75,0.43,0.0,0.13,26.59,2018-04-23 16:58:21.971722,2018-07-23 14:30:41.890447,1,https://investor.activision.com/investor-relations,11/05/93,2018-07-23 14:15:34.000000,"Spawned in a 2007 merger, Activision Blizzard runs renowned studios, Major League Gaming, and famed franchises Call of Duty, Destiny, Warcraft, StarCraft, Diablo, Hearthstone, Overwatch, and Candy Crush, among others. This is a direct investment in Activision Blizzard stock.",00507V109,63.0,2018,,,['Activision Blizzard'],STOCK,1f1f1f
1,Conservative Mix,Looking for an all-in-one conservative option to make it easy? This diverse collection is tailored to your goals.,iShares Core Conservative Allocation ETF,AOK,34.06,2.13,0.25,-0.12,-1.7,2015-09-03 15:47:42.456389,2018-07-23 14:27:41.857820,1,https://www.ishares.com/us/products/239733/ishares-conservative-allocation-etf,11/19/2008,2018-07-23 14:12:37.000000,"Your mix is a healthy blend of stocks and bonds that reflects your conservative investing profile and gives you strong diversification. You can feel comfortable only investing here. Or, you can use your mix as the core of your portfolio and supplement it with other investments that align with your beliefs.",464289883,34.65,2018,,19.84,"['low risk', 'bonds']",ETF,
116,BLOK,These companies are actively involved in the development and utilization of blockchain technologies.,Amplify Transformational Data Sharing ETF,BLOK,20.39,0.0,0.7,0.14,0.0,2018-06-12 14:51:01.142652,2018-07-23 14:18:41.885373,2,https://amplifyetfs.com/blok,01/17/2018,2018-07-23 14:03:06.000000,"The “blockchain” is a peer-to-peer shared, distributed ledger that facilitates the process of recording transactions and tracking assets in a business network. BLOK does not invest directly in blockchain technology, but invests in companies actively involved in the development and utilization of blockchain technology. BLOK is also comprised of companies that are partnering with and/or directly investing in companies that are actively engaged in this technology, as well as companies acting as members of multiple consortiums dedicated to this technology.",032108607,20.39,2018,,20.39,['BLOK'],ETF,
111,Gilead Sciences,"Operating in over 35 countries, this biopharmaceutical company specializes in antiviral drugs.","Gilead Sciences, Inc.",GILD,77.3,2.82,0.0,-0.09,8.66,2018-05-30 17:30:39.067570,2018-07-23 14:30:41.904404,1,http://investors.gilead.com/phoenix.zhtml?c=69964&p=irol-irhome,01/22/1992,2018-07-23 14:15:39.000000,"Perhaps best-known for the flu drug Tamiflu, Gilead Sciences markets a 24 drug portfolio that contains a number of category firsts—such as complete treatment regimens for HIV and chronic hepatitis C available in once-daily pills. This is a direct investment in Gilead Sciences stock.",375558103,71.14,2018,,,['Gilead Sciences'],STOCK,c5103d
3,Aggressive Mix,Looking for an all-in-one aggressive option to make it easy? This diverse collection is tailored to your goals.,iShares Core Growth Allocation ETF,AOR,44.59,2.01,0.25,-0.16,-0.73,2015-09-03 15:47:42.630060,2018-07-23 14:26:41.617219,2,https://www.ishares.com/us/products/239756/ishares-growth-allocation-etf,11/19/2008,2018-07-23 14:11:21.000000,"Your mix is a healthy blend of stocks and bonds that reflects your aggressive investing profile and gives you strong diversification. You can feel comfortable only investing here. Or, you can use your mix as the core of your portfolio and supplement it with other investments that align with your beliefs.",464289867,44.92,2018,,19.04,['bonds'],ETF,
20,Social Media Mania,"Addicted to social media? Join the club. With 2 billion users, these companies keep us hooked.",Global X Social Media Index ETF,SOCL,36.05,1.35,0.65,-0.84,9.41,2015-09-03 15:47:43.101150,2018-07-23 14:28:41.666909,2,http://www.globalxfunds.com/SOCL,11/15/2011,2018-07-23 14:13:21.000000,"How'd we function before Facebook, Instagram, and Twitter? With 2 billion on social media, these companies are LOL'ing all the way to the bank. Invest if you can't get enough of these platforms.",37950E416,32.95,2018,,14.44,"['Alphabet', 'Twitter', 'Facebook', 'Linkedin', 'Yahoo', 'social media', 'Google', 'Tencent Holdings LTD', 'Netease.com', 'Yandex', 'United Internet', 'Nexon', 'Instagram', 'snapchat']",ETF,
51,Microsoft,"The longtime software market leader builds business, cloud, and personal computing solutions.",Microsoft Corporation,MSFT,107.48,1.55,0.0,1.14,26.24,2018-02-22 21:28:23.841494,2018-07-23 14:30:41.918329,1,https://www.microsoft.com/en-us/investor,03/13/1986,2018-07-23 14:15:39.000000,"In 1983, Microsoft's Windows ushered in a new era for software. Today, the tech titan aims to transform business productivity and personal computing with products like Office, Skype, Xbox, and LinkedIn. This is a direct investment in Microsoft stock.",594918104,85.14,2018,,,['Microsoft'],STOCK,575352
25,Wireless Wonders,Invest in the telecom ties that bind us together. These companies connect us to the world. ,Vanguard Telecommunication Services ETF,VOX,85.66,4.05,0.1,-0.36,-6.02,2015-09-03 15:47:43.231129,2018-07-23 14:23:41.899660,2,https://personal.vanguard.com/us/funds/snapshot?FundId=0959&FundIntExt=INT,9/29/2004,2018-07-23 14:08:09.000000,"Whether you're hearing a friend's voice from a thousand miles away, burning through your data plan on a long road trip, or over-analyzing texts from your latest Tinder date, telecom companies keep us connected.",92204A884,91.15,2018,,33.97,"['vanguard', 'Verizon', 'AT&T', 'communication', 'disney', 'sprint', 'Level 3 Comm', 'CenturyLink', 'SBA Comm Corp', 'T-mobile', 'Frontier Communications', 'Global Star', 'PDV Wireless', 'Telephone & Data', 'data', 'telecom']",ETF,
2,Moderate Mix,Looking for an all-in-one moderate option to make it easy? This diverse collection is tailored to your goals.,iShares Core Moderate Allocation ETF,AOM,37.58,2.06,0.25,-0.23,-1.21,2015-09-03 15:47:42.587004,2018-07-23 14:30:41.928921,1,https://www.ishares.com/us/products/239765/ishares-moderate-allocation-etf,11/11/2008,2018-07-23 14:15:21.000000,"Your mix is a healthy blend of stocks and bonds that reflects your moderate investing profile and gives you strong diversification. You can feel comfortable only investing here. Or, you can use your mix as the core of your portfolio and supplement it with other investments that align with your beliefs.",464289875,38.04,2018,,19.92,['bonds'],ETF,
16,Water the World,Don't take water for granted. Water changes everything and these companies supply it.,Invesco Water Resources ETF,PHO,30.86,0.51,0.61,-0.66,1.95,2015-09-03 15:47:42.986086,2018-07-23 14:03:41.766044,2,https://www.invesco.com/portal/site/us/financial-professional/etfs/product-detail?productId=pho,12/6/2005,2018-07-23 13:47:45.000000,"Water is essential to life, and demand for it is only growing along with the world's population. If water becomes more valuable over time, these global water companies may stand to profit.",46137V142,30.27,2018,,14.17,"['water', 'energy', 'environment', 'Pentair', 'Ecolab', 'American Water Works', 'Roper Technologies', 'HD Supply Holdings', 'Pattern Energy group', 'Valmont Industries', 'Xylem Inc', 'valuable resource']",ETF,
35,Uncle Sam,"Uncle Sam wants you... to preserve your capital and earn interest, with U.S. Treasury bonds.",Vanguard Intermediate-Term Government Bond ETF,VGIT,62.45,1.85,0.07,-0.11,-2.33,2016-09-13 22:49:04.711891,2018-07-23 14:30:41.939520,1,https://personal.vanguard.com/us/funds/snapshot?FundId=3143&FundIntExt=INT,11/19/2009,2018-07-23 14:15:01.000000,"Backed by the full faith and credit of the U.S. government, treasury debt is considered pretty much risk-free. Want to preserve your capital and earn monthly coupon payments? Hold this investment for the long term.",92206C706,63.94,2018,,,[],ETF,
34,Young Money,"80 Million strong. Powerful, opinionated, and optimistic. Companies, meet the Millennial generation.",Global X Millennials Thematic ETF,MILN,22.8,0.21,0.5,-0.35,18.38,2016-07-14 18:41:50.660760,2018-07-23 14:23:41.916779,1,http://www.globalxfunds.com/funds/miln/,5/4/2016,2018-07-23 14:07:56.000000,"80 million Millennials are entering their prime spending years, and everyone wants in on the action. These companies could stand to benefit from the unique preferences and spending power of America's largest generation.",37954Y764,19.26,2018,,14.9,"['Paypal', 'Expedia', 'Facebook', 'Netflix', 'Home depot', 'Millenial', 'Intuit', 'Mint', 'electronic payments']",ETF,
8,Copy the Experts,Professional investors use big brains and big bucks to find investments. Follow their lead.,Global X Guru Fund,GURU,31.97,0.5,0.75,-0.62,7.64,2015-09-03 15:47:42.776557,2018-07-23 14:03:41.780851,2,http://www.globalxfunds.com/GURU,6/5/2012,2018-07-23 13:47:40.000000,"You used to need millions to invest in hedge funds. Now you can follow their lead, on your budget. Invest in the holdings of some of the top hedge funds",37950E341,29.7,2018,,14.24,"['Yahoo', 'nike', 'netflix', 'yahoo', 'pandora', 'energy', 'Dycom', 'american tower corp', 'cdk Global', 'Cheniere Energy', 'Dr Horton Inc', 'Celanese Corp', 'Bank of New York Mellon']",ETF,
41,Combat Carbon,"From big names to small players, back the companies that actively curb their carbon footprints.",iShares MSCI ACWI Low Carbon Target ETF,CRBN,117.61,2.16,0.2,-0.24,0.6,2017-10-11 20:56:35.102682,2018-07-23 13:45:41.909670,2,https://www.ishares.com/us/products/271054/ishares-msci-acwi-low-carbon-target-etf,12/08/2014,2018-07-23 13:30:00.000000,Looking to enlist your dollars in the fight against climate change? Look no further. This diverse collection of well-known brands and smaller companies does great business with relatively small carbon footprints.,46434V464,116.91,2018,,95.59,"['carbon', 'footprint', 'greenhouse', 'green', 'clean', 'co2', 'environment', 'environmental', 'EPA', 'climate', 'warming', 'responsible', 'emissions', 'fossil', 'wind', 'solar']",ETF,
73,Gamers FTW!,No playing around here. Campaign your cash in the name of video games and VR.,ETFMG Video Game Tech ETF,GAMR,49.38,1.15,0.75,-0.92,3.05,2018-04-23 16:49:11.466656,2018-07-23 14:27:41.914560,1,http://www.etfmgfunds.com/gamr/,03/09/16,2018-07-23 14:12:06.000000,"Power up your portfolio with an investment in the global gaming industry. This fund includes the studios, hardware providers, and support companies that bring video games, educational software, and VR simulations to life. Brought to you by Vault winner: imatv.",26924G706,47.92,2018,,,['Gamers FTW!'],ETF,
32,All That Glitters,"Wedding rings, electronics, and a hedge against inflation. Own a piece of gold, silver, platinum, and palladium.",ETFS Physical Precious Metals Basket Shares,GLTR,59.63,0.0,0.6,-0.25,-8.28,2016-06-21 19:42:57.711649,2018-07-23 14:02:41.651240,2,https://www.etfsecurities.com/institutional/us/en-us/products/product/etfs-physical-precious-metals-basket-shares-gltr-arca,10/22/2010,2018-07-23 13:47:40.000000,Precious metal coins have been an indicator of wealth for millennia - far longer than that tattered bill in your wallet. An investment in precious metals may protect you from paper money losing its value over time. ,26922W109,65.01,2018,,75.7,"['Gold', 'Silver', 'precious metals', 'Platinum', 'Coins', 'Palladium']",ETF,
12,Do the Right Thing,Do well by doing good. These companies make positive impacts on society and the environment. ,iShares MSCI USA ESG Select Fund,SUSA,115.11,1.49,0.25,-0.31,3.64,2015-09-03 15:47:42.879179,2018-07-23 14:23:41.938565,1,https://www.ishares.com/us/products/239692/ishares-msci-usa-esg-select-etf,1/28/2005,2018-07-23 14:07:42.000000,"It's easy to talk about making the world a better place - these companies actually do it. This asset includes socially responsible businesses that make positive impacts on environmental, social, and governance issues.",464288802,111.07,2018,,41.24,"['oil', 'energy', 'Apple', 'Microsoft', 'Time Warner Cable', 'nike', 'netflix', 'disney', 'Tesla', '3M', 'Accenture', 'ecolab', 'entertainment', 'Northern Trust Corp', 'Chubb', 'Marsh & McLennan', 'world', 'social responsibility', 'environmental', 'social', 'governance']",ETF,
33,Raw Earth,It takes a lot to sustain 7 billion lives - these companies process the stuff of the Earth and use it to fuel our world.,SPDR S&P Global Natural Resources ETF,GNR,48.89,2.54,0.4,-0.04,-0.37,2016-06-21 19:42:57.738393,2018-07-23 14:29:41.638458,2,https://www.spdrs.com/product/fund.seam?ticker=GNR,9/14/2010,2018-07-23 14:14:26.000000,"Everything starts with raw materials. Oil and natural gas, seeds, fertilizers, and metals -- these are the materials that we need to fuel our everyday lives. This investment covers the global world of energy, agribusiness, and mining.",78463X541,49.07,2018,,42.43,"['Oil', 'Exxon', 'raw materials', 'Exxon Mobil', 'BHP', 'Shell', 'Earth', 'Chevron']",ETF,
6,Equality Works,Show your support for LGBT rights in the workplace. These companies champion equality for all.,Workplace Equality Portfolio,EQLT,37.23,1.14,0.75,-0.05,2.76,2015-09-03 15:47:42.719990,2018-07-23 14:02:41.661246,2,http://www.eqltfund.com/,2/25/2014,2018-07-23 13:47:39.000000,"Equality works better for everyone. These companies support their lesbian, gay, bisexual, and transgender (LGBT) employees with equal rights, inclusive policies, and respect. ",00162Q650,36.23,2018,,23.99,"['Virgin', 'Virgin America', 'Yelp', 'nike', 'disney', 'sprint', 'equality', 'gay', 'tesla', 'the chemours company', 'st jude medical', 'nvidia corp', 'genworth finanical', 'Mckesson', 'electronic arts', 'transportation', 'lgbt', 'policy']",ETF,
42,Women Who Lead,Hail the power of women in power—studies show gender diversity is just better business.,SPDR® SSGA Gender Diversity Index ETF,SHE,74.57,1.85,0.2,-0.13,5.25,2017-10-19 22:20:00.596268,2018-07-23 14:03:41.798737,1,https://us.spdrs.com/en/etf/spdr-ssga-gender-diversity-index-etf-SHE,03/07/2016,2018-07-23 13:47:46.000000,"Data shows gender diversity is linked to improved company performance. Focused on large businesses with more women leaders, this fund also donates some of its profits (not your profits) to NPOs that empower women.",78468R747,70.85,2018,,59.41,"['women', 'woman', 'gender', 'equality', 'leadership', 'diversity', 'power', 'large businesses']",ETF,
15,Enjoy Yourself,Look forward to holidays away or nights out on the town? These companies fuel your fun.,Invesco Dynamic Leisure and Entertainment ETF,PEJ,48.0,0.99,0.61,-0.15,8.62,2015-09-03 15:47:42.955651,2018-07-23 13:48:41.895692,2,https://www.invesco.com/portal/site/us/financial-professional/etfs/product-detail?productId=pej,6/23/2005,2018-07-23 13:33:39.000000,"Whether you're living it up on a holiday weekend or binge-watching your latest obsession, these leisure, hospitality, food, beverage, and entertainment companies aim to please.",46137V720,44.19,2018,,13.12,"['McDonalds', 'Carnival', 'Priceline', 'Southwest Airlines', 'Virgin America', 'Starbucks', 'Delta Air Lines', 'American Air Lines', 'travel', 'green energy', 'food', 'transportation', 'plane', 'beverage', 'hospitality']",ETF,
